标题,发布时间,详情页链接,项目编号,项目名称,预算金额,采购需求,提交投标文件截止时间,项目联系人,电话,采购人名称,采购人地址,相关度评分,判断理由,地区,项目类型,预算规模,核心产品,潜在机会,跟进建议
河北省药品医疗器械检验研究院检验检测科研仪器购置项目公开招标公告,2026.04.16,http://www.ccgp.gov.cn/cggg/dfgg/gkzb/202604/t20260416_26413787.htm,HBZJ-2026N0393,检验检测科研仪器购置项目,"¥1,100.00 万元",01包 药品检验检测相关仪器，预算金额：258.5万元；02包 有源医疗器械检验检测相关仪器，预算金额：197万元；03包 医疗机器人测量系统，预算金额：380万元；04包 无源医疗器械及体外诊断试剂检验检测相关仪器，预算金额：264.5万元。,2026年05月09日 09点00分（北京时间）,魏振平、郑德志,0311-86063928,河北省药品医疗器械检验研究院,石家庄市玉泉路219号,7,采购大量检验检测仪器，部分有源设备及系统可能涉及电气配套或能效管理。,河北省石家庄市,设备采购,大额(>500万),药品检验检测仪器、有源医疗器械检验仪器、医疗机器人测量系统、无源医疗器械及体外诊断试剂检验仪器,为高价值科研仪器提供配套的配电、不间断电源或能效管理解决方案。,联系项目联系人，了解仪器具体型号及配套电气需求，提供解决方案。
河北省药品医疗器械检验研究院中央提前下达检验检测科研仪器购置项目公开招标公告,2026.04.16,http://www.ccgp.gov.cn/cggg/dfgg/gkzb/202604/t20260416_26413786.htm,HBZJ-2026N0394,中央提前下达检验检测科研仪器购置项目,¥426.00 万元,X射线粉末衍射仪等检验检测科研仪器一批。,2026年05月08日 09点00分（北京时间）,魏振平、郑德志,0311-86063928,河北省药品医疗器械检验研究院,石家庄市玉泉路219号,7,采购方为省级医疗器械检验机构，采购科研仪器，施耐德在实验室配电、精密仪器供电方面有机会。,河北省石家庄市,设备采购,中等(100-500万),X射线粉末衍射仪等检验检测科研仪器,实验室精密仪器配套的配电、不间断电源(UPS)、电能质量解决方案。,联系项目联系人，了解实验室配电需求，推荐相关电源保障产品。
西安医学院高性能医疗器械产教融合创新基地初步设计服务中标（成交）结果公告,2026.04.13,http://www.ccgp.gov.cn/cggg/dfgg/cjgg/202604/t20260413_26394461.htm,ZJZBSX-260305-0047,高性能医疗器械产教融合创新基地初步设计服务,,,,王佼、赵薇,029-87888601-8002,陕西中经招标有限公司,西安市未央区辛王路1号,7,高性能医疗器械产教融合创新基地建设，涉及实验室、生产线等基础设施，对配电、楼宇自控有潜在需求。,陕西省西安市,服务,未知,无,基地整体电气规划、实验室/生产车间配电、楼宇自动化系统。,联系采购代理或项目方，了解基地具体规划，提供整体电气解决方案咨询。
上海市医疗器械检验研究院功率放大器1国际公开招标采购公告,2026.04.10,http://www.ccgp.gov.cn/cggg/dfgg/gkzb/202604/t20260410_26388137.htm,0811-,功率放大器1,¥130.00 万元,（1）设备名称及数量：功率放大器1 壹套 （项目预算：人民币130万元，可以采购进口产品） （2）技术要求：见本招标文件第八章“货物需求一览表及技术规格” 合同履约期限： 合同签订之日起至合同内容履行完毕止 本项目 不 接受联合体投标。,2026年05月06日 16:00,陈忆青、陈轩晴,0086-21-63230480转8616 / 8629,上海市医疗器械检验研究院,上海市浦东新区金银花路1号,7,医疗器械检验机构采购高价值测试设备，施耐德在精密仪器供电、实验室配电领域有潜在机会。,上海市,设备采购,中等(100-500万),功率放大器,为高精度测试设备提供稳定、可靠的电源解决方案或实验室配电系统。,联系采购方，了解实验室整体配电需求，推荐相关电源保护与配电产品。
上海市医疗器械检验研究院综测仪国际公开招标采购公告,2026.04.11,http://www.ccgp.gov.cn/cggg/dfgg/gkzb/202604/t20260411_26391809.htm,0811-,综测仪,¥135.00 万元,（1）设备名称及数量： 综测仪 壹套 （项目预算：人民币135万元，可以采购进口产品） （2）技术要求：见本招标文件第八章“货物需求一览表及技术规格” 合同履约期限： 合同签订之日起至合同内容履行完毕止 本项目 不 接受联合体投标。,2026年05月07日 11:00,陈忆青、陈轩晴,0086-21-63230480转8616 / 8629,上海市医疗器械检验研究院,上海市浦东新区凌霄花路,6,医疗器械检验机构采购综测仪，属于专业检测设备，与施耐德核心业务关联度较低。,上海市,设备采购,中等(100-500万),综测仪,无明确切入环节。,可尝试了解其实验室是否有配电或楼宇自动化需求，但非直接机会。
上海市医疗器械检验研究院超高效液相色谱串联质谱仪国际公开招标采购公告,2026.04.11,http://www.ccgp.gov.cn/cggg/dfgg/gkzb/202604/t20260411_26391806.htm,0811-,超高效液相色谱串联质谱仪,¥450.00 万元,（1）设备名称及数量： 超高效液相色谱串联质谱仪 壹套 （项目预算：人民币450万元，可以采购进口产品） （2）技术要求：见本招标文件第八章“货物需求一览表及技术规格” 合同履约期限： 合同签订之日起至合同内容履行完毕止 本项目 不 接受联合体投标。,2026年05月07日 11:00,陈忆青、陈轩晴,0086-21-63230480转8616 / 8629,上海市医疗器械检验研究院,上海市浦东新区凌霄花路300号,6,采购高端实验室分析仪器，与施耐德核心业务关联度较低，但实验室可能有配套电气需求。,上海市,设备采购,中等(100-500万),超高效液相色谱串联质谱仪,实验室整体配电、不间断电源(UPS)、精密空调或环境控制系统,联系采购方，了解实验室整体建设规划，推荐相关电气与能效解决方案。
上海市医疗器械检验研究院功率放大器2国际公开招标采购公告,2026.04.11,http://www.ccgp.gov.cn/cggg/dfgg/gkzb/202604/t20260411_26391803.htm,0811-,功率放大器2,¥195.00 万元,（1）设备名称及数量： 功率放大器2 壹套 （项目预算：人民币195万元，可以采购进口产品） （2）技术要求：见本招标文件第八章“货物需求一览表及技术规格” 合同履约期限： 合同签订之日起至合同内容履行完毕止 本项目 不 接受联合体投标。,2026年05月07日 11:00,陈忆青、陈轩晴,0086-21-63230480转8616 / 8629,上海市医疗器械检验研究院,上海市浦东新区金银花路1号,6,医疗器械检验机构采购功率放大器，属于专业测试设备，与施耐德核心业务关联度较低。,上海市,设备采购,中等(100-500万),功率放大器,若设备需要稳定供电或环境控制，可提供相关电气解决方案。,评估客户是否有配套的配电或环境控制需求，针对性接触。
上海市医疗器械检验研究院EMI接收机国际公开招标采购公告,2026.04.10,http://www.ccgp.gov.cn/cggg/dfgg/gkzb/202604/t20260410_26390038.htm,0811-264DSITC0464,EMI接收机,¥145.00 万元,（1）设备名称及数量： EMI接收机 壹套 （项目预算：人民币145万元，可以采购进口产品） （ 2） 技术要求：见本招标文件第八章“货物需求一览表及技术规格” 合同履约期限：合同签订之日起至合同内容履行完毕止 本项目 不 接受联合体投标。,2026年05月06日 16:00,陈忆青、陈轩晴,0086-21-63230480转8616 / 8629,上海市医疗器械检验研究院,上海市浦东新区金银花路1号,6,采购EMI接收机用于医疗器械检验，属于检验检测机构设备采购，与施耐德核心业务关联度中等。,上海市,设备采购,中等(100-500万),EMI接收机,为检验实验室提供相关的电源保护、环境控制或能效管理解决方案。,联系采购人，了解实验室整体电气需求，推荐相关配套产品。
2026年北京市药品检验研究院药品、医疗器械、化妆品市级监督抽验其他维修和保养服务色谱、光谱类仪器维保项目公开招标公告,2026.04.10,http://www.ccgp.gov.cn/cggg/dfgg/gkzb/202604/t20260410_26388355.htm,11000026210200167818-XM001,2026年北京市药品检验研究院药品、医疗器械、化妆品市级监督抽验其他维修和保养服务色谱、光谱类仪器维保项目,¥281.00 万元,标的名称 采购包预算金额 （万元） 数量 简要技术需求或服务要求 色谱光谱类仪器维护保养 281 1项服务 提供293台色谱光谱设备维修维护服务，保证仪器设备全年稳定、高效运行，系统整体全年可用性不低于99.9%。维修过程中所用的一切备品、备件更换费用均包含在本项目中。详见采购需求。 注：投标人必须针对本项目所有内容进行投标，不允许拆分投标。,2026-05-07 09:00（北京时间）,蔡培琳、胡鹏飞、李芊、华曲德吉央宗、何姗、王梦楠、王宏伟、黄凡,010-83923522,北京市药品检验研究院（北京市疫苗检验中心）,北京市昌平区科学园路25号,6,项目为药品检验机构的色谱光谱类仪器维保服务，与施耐德核心业务关联度较低。,北京市,服务,中等(100-500万),色谱、光谱类仪器,无明确直接机会。,可关注其实验室是否有配电、楼宇自控或能源管理需求。
上海市医疗器械检验研究院功率放大器1国际公开招标采购公告,2026.04.10,http://www.ccgp.gov.cn/cggg/dfgg/gkzb/202604/t20260410_26388137.htm,0811-,功率放大器1,¥130.00 万元,（1）设备名称及数量：功率放大器1 壹套 （项目预算：人民币130万元，可以采购进口产品） （2）技术要求：见本招标文件第八章“货物需求一览表及技术规格” 合同履约期限： 合同签订之日起至合同内容履行完毕止 本项目 不 接受联合体投标。,2026年05月06日 16:00,陈忆青、陈轩晴,0086-21-63230480转8616 / 8629,上海市医疗器械检验研究院,上海市浦东新区金银花路1号,6,采购方为医疗器械检验机构，采购功率放大器用于检测，与施耐德核心业务关联度较低。,上海市,设备采购,中等(100-500万),功率放大器,实验室或检测设备的配套电源、配电或能效管理方案,评估客户实验室整体电气需求，寻找配套或能效管理切入点。
上海市医疗器械检验研究院EMI接收机国际公开招标采购公告,2026.04.10,http://www.ccgp.gov.cn/cggg/dfgg/gkzb/202604/t20260410_26390038.htm,0811-264DSITC0464,EMI接收机,¥145.00 万元,（1）设备名称及数量： EMI接收机 壹套 （项目预算：人民币145万元，可以采购进口产品） （ 2） 技术要求：见本招标文件第八章“货物需求一览表及技术规格” 合同履约期限：合同签订之日起至合同内容履行完毕止 本项目 不 接受联合体投标。,2026年05月06日 16:00,陈忆青、陈轩晴,0086-21-63230480转8616 / 8629,上海市医疗器械检验研究院,上海市浦东新区金银花路1号,6,采购EMI接收机用于医疗器械检验，属于检验检测机构设备采购，与施耐德核心业务关联度一般。,上海市,设备采购,中等(100-500万),EMI接收机,实验室整体配电、电源质量保障或相关测试环境配套方案,联系采购人，了解实验室整体电气需求，提供电源质量或配电解决方案。
2026年北京市药品检验研究院药品、医疗器械、化妆品市级监督抽验其他维修和保养服务色谱、光谱类仪器维保项目公开招标公告,2026.04.10,http://www.ccgp.gov.cn/cggg/dfgg/gkzb/202604/t20260410_26388355.htm,11000026210200167818-XM001,2026年北京市药品检验研究院药品、医疗器械、化妆品市级监督抽验其他维修和保养服务色谱、光谱类仪器维保项目,¥281.00 万元,标的名称 采购包预算金额 （万元） 数量 简要技术需求或服务要求 色谱光谱类仪器维护保养 281 1项服务 提供293台色谱光谱设备维修维护服务，保证仪器设备全年稳定、高效运行，系统整体全年可用性不低于99.9%。维修过程中所用的一切备品、备件更换费用均包含在本项目中。详见采购需求。 注：投标人必须针对本项目所有内容进行投标，不允许拆分投标。,2026-05-07 09:00（北京时间）,蔡培琳、胡鹏飞、李芊、华曲德吉央宗、何姗、王梦楠、王宏伟、黄凡,010-83923522,北京市药品检验研究院（北京市疫苗检验中心）,北京市昌平区科学园路25号,6,项目为检验机构色谱光谱类仪器维保服务，与施耐德核心业务关联度较低，但涉及大量精密仪器，存在潜在配套电源或环境控制需求。,北京市,服务,中等(100-500万),色谱、光谱类仪器,为293台精密仪器提供配套的UPS、精密配电或实验室环境控制解决方案。,联系采购人，了解实验室整体电力与环境需求，推荐相关保障产品。
上海市医疗器械检验研究院功率放大器1国际公开招标采购公告,2026.04.10,http://www.ccgp.gov.cn/cggg/dfgg/gkzb/202604/t20260410_26388137.htm,0811-,功率放大器1,¥130.00 万元,（1）设备名称及数量：功率放大器1 壹套 （项目预算：人民币130万元，可以采购进口产品） （2）技术要求：见本招标文件第八章“货物需求一览表及技术规格” 合同履约期限： 合同签订之日起至合同内容履行完毕止 本项目 不 接受联合体投标。,2026年05月06日 16:00,陈忆青、陈轩晴,0086-21-63230480转8616 / 8629,上海市医疗器械检验研究院,上海市浦东新区金银花路1号,6,采购方为医疗器械检验机构，采购功率放大器用于检测，与施耐德核心业务关联度较低。,上海市,设备采购,中等(100-500万),功率放大器,实验室或检测设备的配套供电、控制或能效管理方案,评估功率放大器应用场景，了解其配套电气需求，寻找潜在合作点。
2026年北京市药品检验研究院药品、医疗器械、化妆品市级监督抽验其他维修和保养服务其他仪器维保项目公开招标公告,2026.04.09,http://www.ccgp.gov.cn/cggg/dfgg/gkzb/202604/t20260409_26382009.htm,11000026210200167853-XM001,2026年北京市药品检验研究院药品、医疗器械、化妆品市级监督抽验其他维修和保养服务其他仪器维保项目,¥357.53 万元,"包号 标的名称 采购包预算金额 （万元） 数量 简要技术需求或服务要求 / 2026年北京市药品检验研究院药品、医疗器械、化妆品市级监督抽验其他维修和保养服务其他仪器维保项目 357.531702 1项 用于采购人小型及其他仪器类仪器设备的维护维修,满足检验需要。具体要求详见招标文件第五章采购需求。",2026-04-30 14:00（北京时间）,孙涛、王涵、杨振豪、王树凡、刘晓红、王佳乐,010-52188100,北京市药品检验研究院（北京市疫苗检验中心）,北京市昌平区科学园路25号,6,项目为检验机构仪器维保服务，非设备采购，施耐德直接产品机会有限。,北京市,服务,中等(100-500万),无,可关注其检验设备是否涉及施耐德相关配电或控制系统。,联系采购人，了解具体仪器品牌，挖掘潜在配套或升级需求。
上海市医疗器械检验研究院EMI接收机国际公开招标采购公告,2026.04.10,http://www.ccgp.gov.cn/cggg/dfgg/gkzb/202604/t20260410_26390038.htm,0811-264DSITC0464,EMI接收机,¥145.00 万元,（1）设备名称及数量： EMI接收机 壹套 （项目预算：人民币145万元，可以采购进口产品） （ 2） 技术要求：见本招标文件第八章“货物需求一览表及技术规格” 合同履约期限：合同签订之日起至合同内容履行完毕止 本项目 不 接受联合体投标。,2026年05月06日 16:00,陈忆青、陈轩晴,0086-21-63230480转8616 / 8629,上海市医疗器械检验研究院,上海市浦东新区金银花路1号,6,采购EMI接收机用于医疗器械检验，属于专业检测设备，与施耐德核心业务关联度较低。,上海市,设备采购,中等(100-500万),EMI接收机,无明确切入环节。,可关注采购方未来实验室建设或配电改造需求，保持信息跟踪。
2026年北京市药品检验研究院药品、医疗器械、化妆品市级监督抽验其他维修和保养服务色谱、光谱类仪器维保项目公开招标公告,2026.04.10,http://www.ccgp.gov.cn/cggg/dfgg/gkzb/202604/t20260410_26388355.htm,11000026210200167818-XM001,2026年北京市药品检验研究院药品、医疗器械、化妆品市级监督抽验其他维修和保养服务色谱、光谱类仪器维保项目,¥281.00 万元,标的名称 采购包预算金额 （万元） 数量 简要技术需求或服务要求 色谱光谱类仪器维护保养 281 1项服务 提供293台色谱光谱设备维修维护服务，保证仪器设备全年稳定、高效运行，系统整体全年可用性不低于99.9%。维修过程中所用的一切备品、备件更换费用均包含在本项目中。详见采购需求。 注：投标人必须针对本项目所有内容进行投标，不允许拆分投标。,2026-05-07 09:00（北京时间）,蔡培琳、胡鹏飞、李芊、华曲德吉央宗、何姗、王梦楠、王宏伟、黄凡,010-83923522,北京市药品检验研究院（北京市疫苗检验中心）,北京市昌平区科学园路25号,6,项目为药品检验机构的色谱光谱类仪器维保服务，与施耐德核心业务关联度较低。,北京市,服务,中等(100-500万),色谱、光谱类仪器,无明确切入环节。,可关注该机构未来可能的实验室环境改造或配电需求。
上海市医疗器械检验研究院功率放大器1国际公开招标采购公告,2026.04.10,http://www.ccgp.gov.cn/cggg/dfgg/gkzb/202604/t20260410_26388137.htm,0811-,功率放大器1,¥130.00 万元,（1）设备名称及数量：功率放大器1 壹套 （项目预算：人民币130万元，可以采购进口产品） （2）技术要求：见本招标文件第八章“货物需求一览表及技术规格” 合同履约期限： 合同签订之日起至合同内容履行完毕止 本项目 不 接受联合体投标。,2026年05月06日 16:00,陈忆青、陈轩晴,0086-21-63230480转8616 / 8629,上海市医疗器械检验研究院,上海市浦东新区金银花路1号,6,采购方为医疗器械检验机构，采购功率放大器用于检测，与施耐德核心业务关联度较低。,上海市,设备采购,中等(100-500万),功率放大器,实验室或检测设备的配套电源、配电或能效管理方案,联系采购方，了解实验室整体电气需求，推荐相关配套产品。
2026年北京市药品检验研究院药品、医疗器械、化妆品市级监督抽验其他维修和保养服务其他仪器维保项目公开招标公告,2026.04.09,http://www.ccgp.gov.cn/cggg/dfgg/gkzb/202604/t20260409_26382009.htm,11000026210200167853-XM001,2026年北京市药品检验研究院药品、医疗器械、化妆品市级监督抽验其他维修和保养服务其他仪器维保项目,¥357.53 万元,"包号 标的名称 采购包预算金额 （万元） 数量 简要技术需求或服务要求 / 2026年北京市药品检验研究院药品、医疗器械、化妆品市级监督抽验其他维修和保养服务其他仪器维保项目 357.531702 1项 用于采购人小型及其他仪器类仪器设备的维护维修,满足检验需要。具体要求详见招标文件第五章采购需求。",2026-04-30 14:00（北京时间）,孙涛、王涵、杨振豪、王树凡、刘晓红、王佳乐,010-52188100,北京市药品检验研究院（北京市疫苗检验中心）,北京市昌平区科学园路25号,6,项目为检验机构仪器维保服务，非直接设备采购，施耐德电气产品切入机会不明确。,北京市,服务,中等(100-500万),无,维保服务可能涉及实验室环境控制或精密仪器供电保障。,联系采购人，了解具体仪器类型及维保范围，评估是否有配套电气需求。
上海市医疗器械检验研究院EMI接收机国际公开招标采购公告,2026.04.10,http://www.ccgp.gov.cn/cggg/dfgg/gkzb/202604/t20260410_26390038.htm,0811-264DSITC0464,EMI接收机,¥145.00 万元,（1）设备名称及数量： EMI接收机 壹套 （项目预算：人民币145万元，可以采购进口产品） （ 2） 技术要求：见本招标文件第八章“货物需求一览表及技术规格” 合同履约期限：合同签订之日起至合同内容履行完毕止 本项目 不 接受联合体投标。,2026年05月06日 16:00,陈忆青、陈轩晴,0086-21-63230480转8616 / 8629,上海市医疗器械检验研究院,上海市浦东新区金银花路1号,6,采购EMI接收机用于医疗器械检验，属于专业检测设备，与施耐德核心业务关联度较低。,上海市,设备采购,中等(100-500万),EMI接收机,无明确切入环节。,可关注采购方未来实验室建设或配电改造需求，保持联系。
2026年北京市药品检验研究院药品、医疗器械、化妆品市级监督抽验其他维修和保养服务其他仪器维保项目公开招标公告,2026.04.09,http://www.ccgp.gov.cn/cggg/dfgg/gkzb/202604/t20260409_26382009.htm,11000026210200167853-XM001,2026年北京市药品检验研究院药品、医疗器械、化妆品市级监督抽验其他维修和保养服务其他仪器维保项目,¥357.53 万元,"包号 标的名称 采购包预算金额 （万元） 数量 简要技术需求或服务要求 / 2026年北京市药品检验研究院药品、医疗器械、化妆品市级监督抽验其他维修和保养服务其他仪器维保项目 357.531702 1项 用于采购人小型及其他仪器类仪器设备的维护维修,满足检验需要。具体要求详见招标文件第五章采购需求。",2026-04-30 14:00（北京时间）,孙涛、王涵、杨振豪、王树凡、刘晓红、王佳乐,010-52188100,北京市药品检验研究院（北京市疫苗检验中心）,北京市昌平区科学园路25号,6,项目为药品检验机构的仪器维保服务，与施耐德核心业务关联度较低，但涉及实验室设备维护，存在间接机会。,北京市,服务,中等(100-500万),无,若维保设备包含施耐德相关电气或楼控产品，可提供原厂维保或备件服务。,联系采购人，了解具体维保仪器清单，判断是否有施耐德产品。
天津市医疗器械质量监督检验中心 一体化办公平台建设 (项目编号:HZ26-311-221A)竞争性磋商公告,2026.04.13,http://www.ccgp.gov.cn/cggg/dfgg/jzxcs/202604/t20260413_26398310.htm,HZ26-311-221A,一体化办公平台建设,¥66.00 万元,包号 是否设置最高限价 预算（万元）,,李佳、常颖、孙博晰、张毳,022-88161948,天津市医疗器械质量监督检验中心,天津市滨海高新区海泰产业园区华科大街5号,5,采购方为医疗器械检验机构，项目为信息化平台建设，与施耐德核心业务关联度较低。,天津市,信息化,小额(<100万),一体化办公平台,平台可能涉及的楼宇自控、弱电或数据中心基础设施,了解项目具体技术方案，评估是否有楼宇自控或配电需求。
2026年北京市药品检验研究院药品、医疗器械、化妆品市级监督抽验其他维修和保养服务其他仪器维保项目公开招标公告,2026.04.09,http://www.ccgp.gov.cn/cggg/dfgg/gkzb/202604/t20260409_26382009.htm,11000026210200167853-XM001,2026年北京市药品检验研究院药品、医疗器械、化妆品市级监督抽验其他维修和保养服务其他仪器维保项目,¥357.53 万元,"包号 标的名称 采购包预算金额 （万元） 数量 简要技术需求或服务要求 / 2026年北京市药品检验研究院药品、医疗器械、化妆品市级监督抽验其他维修和保养服务其他仪器维保项目 357.531702 1项 用于采购人小型及其他仪器类仪器设备的维护维修,满足检验需要。具体要求详见招标文件第五章采购需求。",2026-04-30 14:00（北京时间）,孙涛、王涵、杨振豪、王树凡、刘晓红、王佳乐,010-52188100,北京市药品检验研究院（北京市疫苗检验中心）,北京市昌平区科学园路25号,5,项目为检验机构仪器维保服务，非施耐德核心的配电、自动化或大型设备业务，但涉及实验室仪器，存在间接关联。,北京市,服务,中等(100-500万),小型及其他仪器类仪器设备,为相关检验仪器提供配套的电源保护、环境控制或能效管理解决方案。,联系项目联系人，了解具体仪器清单，评估是否有配套电气或自动化需求。
2026年北京市药品检验研究院药品、医疗器械、化妆品市级监督抽验其他维修和保养服务色谱、光谱类仪器维保项目公开招标公告,2026.04.10,http://www.ccgp.gov.cn/cggg/dfgg/gkzb/202604/t20260410_26388355.htm,11000026210200167818-XM001,2026年北京市药品检验研究院药品、医疗器械、化妆品市级监督抽验其他维修和保养服务色谱、光谱类仪器维保项目,¥281.00 万元,标的名称 采购包预算金额 （万元） 数量 简要技术需求或服务要求 色谱光谱类仪器维护保养 281 1项服务 提供293台色谱光谱设备维修维护服务，保证仪器设备全年稳定、高效运行，系统整体全年可用性不低于99.9%。维修过程中所用的一切备品、备件更换费用均包含在本项目中。详见采购需求。 注：投标人必须针对本项目所有内容进行投标，不允许拆分投标。,2026-05-07 09:00（北京时间）,蔡培琳、胡鹏飞、李芊、华曲德吉央宗、何姗、王梦楠、王宏伟、黄凡,010-83923522,北京市药品检验研究院（北京市疫苗检验中心）,北京市昌平区科学园路25号,5,项目为药品检验机构的色谱光谱类仪器维保服务，与施耐德核心业务关联度较低。,北京市,服务,中等(100-500万),色谱、光谱类仪器,无,非核心业务，建议保持关注，无需主动跟进。
宣恩县人民医院医疗器械及医用耗材采购项目废标公告,2026.04.16,http://www.ccgp.gov.cn/cggg/dfgg/qtgg/202604/t20260416_26414482.htm,STBN-ZC-2026-057,宣恩县人民医院医疗器械及医用耗材采购项目,详见公告正文,,,田建,15827187842,宣恩县人民医院,恩施土家族苗族自治州宣恩县宣北大道10号,4,项目为医疗器械及耗材采购，未明确涉及电气或基建，与施耐德核心业务直接关联度低。,湖北省恩施土家族苗族自治州宣恩县,耗材采购,未知,无,无明确切入点,可关注医院后续是否有基建或配电改造项目。
药品、医疗器械、化妆品市级监督抽验经费项目（三次）公开招标公告,2026.04.15,http://www.ccgp.gov.cn/cggg/dfgg/gkzb/202604/t20260415_26410366.htm,11000026210200163815-XM001,药品、医疗器械、化妆品市级监督抽验经费项目,¥666.08 万元,标的名称 采购包预算金额 （万元） 数量 简要技术需求或服务要求 药品、医疗器械、化妆品市级监督抽验经费项目 （ 三次） 666.08 1项 北京市2026年市级医疗器械抽检检验项目。,2026-05-06 13:30（北京时间）,魏新卓、付颖、喻晓娇,17600173064 / 15110095604,北京市药品监督管理局机关,北京市通州区留庄路6号院2号楼,4,项目为政府监督抽验服务采购，不涉及设备采购或基建，与施耐德业务直接关联度低。,北京市,服务,大额(>500万),无,检验检测机构可能涉及实验室环境控制或配电，但非本项目直接需求。,可关注承接此检验服务的机构，了解其后续设备或设施需求。
陕西省医疗器械质量检验院陕西省医疗器械质量检验院无源检验所工业CT分析软件购置采购实行单一来源采购方式的公示,2026.04.15,http://www.ccgp.gov.cn/cggg/dfgg/dylygg/202604/t20260415_26408913.htm,,陕西省医疗器械质量检验院无源检验所工业CT分析软件购置,¥16.00 万元,,,许老师,2933585310,陕西省医疗器械质量检验院无源检验所工业CT分析软件购置,东丽开发区四纬路28号厂房1,4,采购工业CT分析软件，属于医疗器械检验环节，与施耐德核心业务关联度低。,陕西省,设备采购,小额(<100万),工业CT分析软件,无,无需跟进，非核心业务领域。
上海市医疗器械化妆品审评核查中心2026年技术劳务服务补充项目的公开招标公告,2026.04.14,http://www.ccgp.gov.cn/cggg/dfgg/gkzb/202604/t20260414_26403363.htm,310000000251127156747-00318109,上海市医疗器械化妆品审评核查中心2026年技术劳务服务补充项目,¥474.23 万元,标项一 包名称： 技术咨询服务 数量： 1 预算金额（元）： 1149900.00 简要规格描述或项目基本概况介绍、用途： （1）辅助完成本市第二类医疗器械技术审评等相关工作； （2）辅助完成医疗器械产业发展状况与趋势的分析与研究、监管科学以及本市重点或优势产业发展政策法规的研究，以及相关技术文件制修订工作； （3）完成领导交办的其他工作。 标项二 包名称： 技术咨询服务 数量： 6 预算金额（元）： 1458000.00 简要规格描述或项目基本概况介绍、用途： （1）辅助完成化妆品审查相关工作； （2）辅助完成化妆品产业发展状况与趋势的分析与研究、监管科学以及本市重点或优势产业发展政策法规的研究，以及相关技术文件制修订； （3）完成领导交办的其他工作。 标项三 包名称： 技术咨询服务 数量： 12 预算金额（元）： 2134380.00 简要规格描述或项目基本概况介绍、用途： （1）负责接收受理企业提交的各项申请资料并进行初步审核； （2）负责数据统计、信息报送、资料移交、批件制作及送达、回执归档等工作； （3）参与制定和完善有关医疗器械、化妆品或执业药师审评核查的技术指南、技术标准等技术文件； （4）完成领导交办的其他工作。 合同履约期限： 自合同签订之日起12个月。（具体内容及要求详见招标文件第三部分—采购需求） 本项目（ 否 ）接受联合体投标。,2026年05月06日 14:00,王一澄,021-62091273*8003,上海市医疗器械化妆品审评核查中心,南昌路210号,4,项目为政府技术劳务服务采购，不涉及设备或基建，与施耐德电气核心业务直接关联度低。,上海市,服务,中等(100-500万),无,无直接切入环节。,无需直接跟进，可作为行业背景信息存档。
三都水族自治县人民医院关于三都水族自治县人民医院（医共体）总院一批医用耗材、医疗器械采购项目C包二次的更正公告,2026.04.14,http://www.ccgp.gov.cn/cggg/dfgg/gzgg/202604/t20260414_26400312.htm,GZWS-2025-6055-01,三都水族自治县人民医院（医共体）总院一批医用耗材、医疗器械采购项目C包二次,,,,彭燕燕、唐昊、杨奇爽,15608540885,三都水族自治县人民医院,三都县三合街道,4,项目为医用耗材和医疗器械采购，未明确涉及施耐德电气的核心业务领域。,贵州省黔南布依族苗族自治州三都水族自治县,耗材采购,未知,无,无明确切入环节,可联系采购人了解项目详情，确认是否有配套电气需求。
2026年度山东省药品医疗器械化妆品抽样检验系统（药化抽检模块）智能化升级改造项目竞争性磋商公告,2026.04.14,http://www.ccgp.gov.cn/cggg/dfgg/jzxcs/202604/t20260414_26398952.htm,SDGP370000000202602001469,2026年度山东省药品医疗器械化妆品抽样检验系统（药化抽检模块）智能化升级改造项目,¥56.52 万元,（包括但不限于标的的名称、数量、简要技术需求或服务要求等） 采购标的 数量（单位） 允许进口 中小企业划分标准所属行业 山东省药品医疗器械化妆品抽样检验系统（药化抽检模块）智能化升级改造 1(项) 否 软件和信息技术服务业 本采购包 不接受 联合体投标,,丁朋朋、孟俊希,0531-55699129,山东省药品监督管理局机关,济南市经十路16122号,4,项目为药品监管部门的软件系统升级，与施耐德电气核心业务（配电、自动化、能效）直接关联度低。,山东省济南市,信息化,小额(<100万),药品医疗器械化妆品抽样检验系统（软件）,无明确直接机会。,无需直接跟进，可作为行业动态信息存档。
山东省妇幼保健院2026年医疗器械、手术敷料、医用织物代洗涤、消毒、灭菌及供应服务项目(3)公开招标公告,2026.04.11,http://www.ccgp.gov.cn/cggg/dfgg/gkzb/202604/t20260411_26391301.htm,,山东省妇幼保健院2026年医疗器械、手术敷料、医用织物代洗涤、消毒、灭菌及供应服务项目(3),¥500.00 万元,,2026年05月07日09时00分,杨学安、洪坤、贾振、侯同旦、孙涛、徐艳,13386406562,山东省妇幼保健院,济南市浆水泉路9-7号(山东省妇幼保健院),4,项目为医用织物洗涤消毒服务，不涉及电气设备或系统采购，机会不明确。,山东省济南市,服务,中等(100-500万),无,服务设施（如洗涤中心）可能涉及的配电或楼宇控制系统。,了解洗涤服务供应商，探寻其设施建设或改造中的电气需求。
吴忠市人民医院2025年第二批医疗器械设备更新补充采购项目四标段（四次）中标公告,2026.04.10,http://www.ccgp.gov.cn/cggg/dfgg/zbgg/202604/t20260410_26388252.htm,NXWF-2025-104,吴忠市人民医院2025年第二批医疗器械设备更新补充采购项目四标段（四次）,,,,张信业,9532120233,吴忠市人民医院,吴忠市利通区新民路 143 号,4,项目为医疗器械设备更新，但未明确具体设备类型，可能与施耐德产品相关度不高。,宁夏回族自治区吴忠市,设备采购,未知,医疗器械设备（未明确具体类型）,若涉及大型医疗影像、实验室或生命支持设备，可能存在配套配电或楼宇自控需求。,联系项目联系人，核实具体采购设备清单，寻找电气配套机会。
游仙高新技术产业园区管理委员会聚合物新材料、放射治疗医疗器械产业专利导航竞争性磋商公告,2026.04.10,http://www.ccgp.gov.cn/cggg/dfgg/jzxcs/202604/t20260410_26387714.htm,N5107042026000024,聚合物新材料、放射治疗医疗器械产业专利导航,¥30.00 万元,详见采购需求附件,,何老师,0816-2308726,游仙高新技术产业园区管理委员会,四川省绵阳市游仙经济开发区凯越路1号,4,项目为专利导航服务采购，非设备或基建，与施耐德电气核心业务直接关联度低。,四川省绵阳市,服务,小额(<100万),无,无直接机会。可关注园区后续产业落地带来的潜在基建或设备需求。,无需直接跟进。可关注该园区后续产业项目动态。
清河县人民医院清河县人民医院国家药物和医疗器械临床试验机构服务项目二次公开招标公告,2026.04.10,http://www.ccgp.gov.cn/cggg/dfgg/gkzb/202604/t20260410_26387473.htm,2026CK-012,清河县人民医院国家药物和医疗器械临床试验机构服务项目,¥78.00 万元,国家药物和医疗器械临床试验机构服务，具体内容详见招标文件第四部分采购需求,2026年05月07日 09点00分（北京时间）,陈利、贾凯,0319-2686159。6.招标文件等资料发布后 / 即视为已送达所有潜在投标人。潜在投标人从“清河县公共资源交易网 / ”网站上自主下载招标文件等相关资料 / 并及时查看有无澄清或修改。如对招标文件有疑问或异议的 / 请向项目单位或招标代理机构提出。潜在投标人未从“ / 中国河北政府采购网 / ”“清河县公共资源交易网 / ”网站上下载相关资料 / 或未获取完整资料 / 导致投标被否决的 / 自行承担责任。招标文件的澄清 / 修改 / 补充等内容均以公告形式明确的内容为准。当招标文件 / 招标文件的澄清 / 修改 / 补充等在同一内容的表述上不一致时 / 以最后发出的公告文件为准。,清河县人民医院,清河县长江西街37号,4,项目为临床试验机构服务，非设备采购，与施耐德核心业务直接关联度低。,河北省邢台市清河县,服务,中等(100-500万),无,临床试验机构建设可能涉及实验室环境控制或信息化，但机会不明确。,可关注医院后续基建或实验室设备采购项目，保持联系。
【平公资采2026230号】郏县妇幼保健院2026年第一季度医疗器械采购项目（包1）-中标公告,2026.04.10,http://www.ccgp.gov.cn/cggg/dfgg/zbgg/202604/t20260410_26387285.htm,郏采,郏县妇幼保健院2026年第一季度医疗器械采购项目,,,,王先生,0375-5152805监督单位：郏县卫生健康委员会 / 统一社会信用代码：114104250054922277 / 联系方式：0375-7068010,郏县妇幼保健院,郏县行政路,4,项目为医疗器械采购，但未明确具体设备类型，可能与施耐德电气产品相关度不高。,河南省平顶山市郏县,设备采购,未知,医疗器械（未明确具体类型）,若涉及大型医疗设备或实验室设备，可能存在配套配电或楼宇控制需求。,联系采购人，了解具体采购设备类型，判断是否存在电气配套机会。
【平公资采2026230号】郏县妇幼保健院2026年第一季度医疗器械采购项目（包2）-中标公告,2026.04.10,http://www.ccgp.gov.cn/cggg/dfgg/zbgg/202604/t20260410_26387267.htm,郏采,郏县妇幼保健院2026年第一季度医疗器械采购项目,,,,王先生,0375-5152805监督单位：郏县卫生健康委员会 / 统一社会信用代码：114104250054922277 / 联系方式：0375-7068010,郏县妇幼保健院,郏县行政路,4,公告为医疗器械采购，但未明确具体设备类型，可能与施耐德产品直接相关度不高。,河南省平顶山市郏县,设备采购,未知,无,若采购大型医疗设备或涉及医院设施改造，可提供配套配电或楼宇控制方案。,联系采购人了解具体设备清单，评估是否有配套电气需求。
三都水族自治县人民医院关于三都水族自治县人民医院（医共体）总院一批医用耗材、医疗器械采购项目C包二次的公开招标公告,2026.04.10,http://www.ccgp.gov.cn/cggg/dfgg/gkzb/202604/t20260410_26385283.htm,GZWS-2025-6055-01,三都水族自治县人民医院（医共体）总院一批医用耗材、医疗器械采购项目C包二次,¥776.76 万元,标项名称: 三都水族自治县人民医院（医共体）总院一批医用耗材、医疗器械采购项目C包二次 数量: 不限 预算金额（元）: 7767615.75 简要规格描述或项目基本概况介绍、用途： 三都水族自治县人民医院（医共体）总院一批医用耗材、医疗器械采购C包二次，具体详见《采购文件》。 备注： 合同履约期限： 标项 1，1年。 本项目（ 否 ）接受联合体投标。,2026年04月30日 09:30,彭燕燕、唐昊、杨奇爽,15608540885,三都水族自治县人民医院,三都县三合街道,4,项目为医用耗材和医疗器械采购，未明确涉及电气或自动化设备，机会不明确。,贵州省黔南布依族苗族自治州三都水族自治县,耗材采购,大额(>500万),无,无,可尝试联系采购人，了解是否有配套配电或能源管理需求。
山东省妇幼保健院2026年医疗器械、手术敷料、医用织物代洗涤、消毒、灭菌及供应服务项目(3)公开招标公告,2026.04.11,http://www.ccgp.gov.cn/cggg/dfgg/gkzb/202604/t20260411_26391301.htm,,山东省妇幼保健院2026年医疗器械、手术敷料、医用织物代洗涤、消毒、灭菌及供应服务项目(3),¥500.00 万元,,2026年05月07日09时00分,杨学安、洪坤、贾振、侯同旦、孙涛、徐艳,13386406562,山东省妇幼保健院,济南市浆水泉路9-7号(山东省妇幼保健院),4,项目为医用织物洗涤消毒服务，不涉及电气设备或系统采购，机会不明确。,山东省济南市,服务,中等(100-500万),无,服务设施（如洗涤中心）的配电或楼宇自动化系统,了解医院是否有相关设施新建或改造计划，评估潜在需求。
吴忠市人民医院2025年第二批医疗器械设备更新补充采购项目四标段（四次）中标公告,2026.04.10,http://www.ccgp.gov.cn/cggg/dfgg/zbgg/202604/t20260410_26388252.htm,NXWF-2025-104,吴忠市人民医院2025年第二批医疗器械设备更新补充采购项目四标段（四次）,,,,张信业,9532120233,吴忠市人民医院,吴忠市利通区新民路 143 号,4,公告为医疗器械设备采购，但未明确具体设备类型，与施耐德电气核心业务直接相关度低。,宁夏回族自治区吴忠市,设备采购,未知,无,若采购大型医疗影像或实验室设备，可关注其配套的配电、UPS或楼宇控制系统需求。,联系项目联系人，了解具体采购设备清单，判断是否有配套电气需求。
游仙高新技术产业园区管理委员会聚合物新材料、放射治疗医疗器械产业专利导航竞争性磋商公告,2026.04.10,http://www.ccgp.gov.cn/cggg/dfgg/jzxcs/202604/t20260410_26387714.htm,N5107042026000024,聚合物新材料、放射治疗医疗器械产业专利导航,¥30.00 万元,详见采购需求附件,,何老师,0816-2308726,游仙高新技术产业园区管理委员会,四川省绵阳市游仙经济开发区凯越路1号,4,项目为专利导航服务采购，非设备或工程采购，与施耐德电气直接业务关联度低。,四川省绵阳市,服务,小额(<100万),无,无直接机会。可关注后续园区内可能产生的基建或设备采购项目。,无需直接跟进。可记录信息，关注该园区后续动态。
清河县人民医院清河县人民医院国家药物和医疗器械临床试验机构服务项目二次公开招标公告,2026.04.10,http://www.ccgp.gov.cn/cggg/dfgg/gkzb/202604/t20260410_26387473.htm,2026CK-012,清河县人民医院国家药物和医疗器械临床试验机构服务项目,¥78.00 万元,国家药物和医疗器械临床试验机构服务，具体内容详见招标文件第四部分采购需求,2026年05月07日 09点00分（北京时间）,陈利、贾凯,0319-2686159。6.招标文件等资料发布后 / 即视为已送达所有潜在投标人。潜在投标人从“清河县公共资源交易网 / ”网站上自主下载招标文件等相关资料 / 并及时查看有无澄清或修改。如对招标文件有疑问或异议的 / 请向项目单位或招标代理机构提出。潜在投标人未从“ / 中国河北政府采购网 / ”“清河县公共资源交易网 / ”网站上下载相关资料 / 或未获取完整资料 / 导致投标被否决的 / 自行承担责任。招标文件的澄清 / 修改 / 补充等内容均以公告形式明确的内容为准。当招标文件 / 招标文件的澄清 / 修改 / 补充等在同一内容的表述上不一致时 / 以最后发出的公告文件为准。,清河县人民医院,清河县长江西街37号,4,项目为临床试验机构服务，非设备采购，与施耐德核心业务关联度低。,河北省邢台市清河县,服务,中等(100-500万),无,临床试验机构建设可能涉及实验室环境控制或弱电系统。,可联系采购人，了解服务项目中是否包含相关设施建设需求。
【平公资采2026230号】郏县妇幼保健院2026年第一季度医疗器械采购项目（包1）-中标公告,2026.04.10,http://www.ccgp.gov.cn/cggg/dfgg/zbgg/202604/t20260410_26387285.htm,郏采,郏县妇幼保健院2026年第一季度医疗器械采购项目,,,,王先生,0375-5152805监督单位：郏县卫生健康委员会 / 统一社会信用代码：114104250054922277 / 联系方式：0375-7068010,郏县妇幼保健院,郏县行政路,4,项目为医疗器械采购，但未明确涉及电气或基建，机会不明确。,河南省平顶山市郏县,设备采购,未知,医疗器械,无明确信息，需进一步核实采购设备是否涉及配电或环境控制。,联系采购人，了解具体采购设备清单，寻找潜在电气配套需求。
【平公资采2026230号】郏县妇幼保健院2026年第一季度医疗器械采购项目（包2）-中标公告,2026.04.10,http://www.ccgp.gov.cn/cggg/dfgg/zbgg/202604/t20260410_26387267.htm,郏采,郏县妇幼保健院2026年第一季度医疗器械采购项目,,,,王先生,0375-5152805监督单位：郏县卫生健康委员会 / 统一社会信用代码：114104250054922277 / 联系方式：0375-7068010,郏县妇幼保健院,郏县行政路,4,公告为医疗器械采购，但未明确具体设备类型，可能与施耐德产品直接相关度低。,河南省平顶山市郏县,设备采购,未知,医疗器械（具体类型未知）,若采购大型医疗影像设备或实验室设备，可提供配套的配电、UPS或楼宇控制系统。,联系采购人了解具体设备清单，评估配套电气需求。
三都水族自治县人民医院关于三都水族自治县人民医院（医共体）总院一批医用耗材、医疗器械采购项目A包、D包、G包三次的公开招标公告,2026.04.10,http://www.ccgp.gov.cn/cggg/dfgg/gkzb/202604/t20260410_26385666.htm,GZWS-2025-6055-3,三都水族自治县人民医院（医共体）总院一批医用耗材、医疗器械采购项目A包、D包、G包三次,¥50.62 万元,标项一 标项名称: 三都水族自治县人民医院（医共体）总院一批医用耗材、医疗器械采购项目A包三次 数量: 不限 预算金额（元）: 267664.6 简要规格描述或项目基本概况介绍、用途： 三都水族自治县人民医院（医共体）总院一批医用耗材、医疗器械采购项目A包、D包、G包三次，具体详见《采购文件》。 备注： 标项二 标项名称: 三都水族自治县人民医院（医共体）总院一批医用耗材、医疗器械采购项目D包三次 数量: 不限 预算金额（元）: 23599.6 简要规格描述或项目基本概况介绍、用途： 三都水族自治县人民医院（医共体）总院一批医用耗材、医疗器械采购项目A包、D包、G包三次，具体详见《采购文件》。 备注： 标项三 标项名称: 三都水族自治县人民医院（医共体）总院一批医用耗材、医疗器械采购项目G包三次 数量: 不限 预算金额（元）: 214952.03 简要规格描述或项目基本概况介绍、用途： 三都水族自治县人民医院（医共体）总院一批医用耗材、医疗器械采购项目A包、D包、G包三次，具体详见《采购文件》。 备注： 合同履约期限： 标项 1、2、3，1年。 本项目（ 否 ）接受联合体投标。,2026年04月30日 09:30,彭燕燕、唐昊、杨奇爽,15608540885,三都水族自治县人民医院,三都县三合街道,4,项目为医用耗材和医疗器械采购，未明确涉及施耐德电气的核心业务领域。,贵州省黔南布依族苗族自治州三都水族自治县,耗材采购,小额(<100万),无,无,可关注采购文件中是否有配套设备或基建需求。
三都水族自治县人民医院关于三都水族自治县人民医院（医共体）总院一批医用耗材、医疗器械采购项目C包二次的公开招标公告,2026.04.10,http://www.ccgp.gov.cn/cggg/dfgg/gkzb/202604/t20260410_26385283.htm,GZWS-2025-6055-01,三都水族自治县人民医院（医共体）总院一批医用耗材、医疗器械采购项目C包二次,¥776.76 万元,标项名称: 三都水族自治县人民医院（医共体）总院一批医用耗材、医疗器械采购项目C包二次 数量: 不限 预算金额（元）: 7767615.75 简要规格描述或项目基本概况介绍、用途： 三都水族自治县人民医院（医共体）总院一批医用耗材、医疗器械采购C包二次，具体详见《采购文件》。 备注： 合同履约期限： 标项 1，1年。 本项目（ 否 ）接受联合体投标。,2026年04月30日 09:30,彭燕燕、唐昊、杨奇爽,15608540885,三都水族自治县人民医院,三都县三合街道,4,项目为医用耗材和医疗器械采购，未明确涉及施耐德电气核心业务领域。,贵州省黔南布依族苗族自治州三都水族自治县,耗材采购,大额(>500万),无,无明确切入点,可尝试联系采购方，了解是否有配套电气或楼宇控制需求。
吴忠市人民医院2025年第二批医疗器械设备更新补充采购项目四标段（四次）中标公告,2026.04.10,http://www.ccgp.gov.cn/cggg/dfgg/zbgg/202604/t20260410_26388252.htm,NXWF-2025-104,吴忠市人民医院2025年第二批医疗器械设备更新补充采购项目四标段（四次）,,,,张信业,9532120233,吴忠市人民医院,吴忠市利通区新民路 143 号,4,公告为医疗器械设备采购，但未明确具体设备类型，与施耐德电气核心业务关联度不明确。,宁夏回族自治区吴忠市,设备采购,未知,无,若涉及大型医疗影像设备或实验室设备，可能存在配套配电需求。,联系项目联系人，核实具体采购设备清单，寻找配电或能效管理机会。
游仙高新技术产业园区管理委员会聚合物新材料、放射治疗医疗器械产业专利导航竞争性磋商公告,2026.04.10,http://www.ccgp.gov.cn/cggg/dfgg/jzxcs/202604/t20260410_26387714.htm,N5107042026000024,聚合物新材料、放射治疗医疗器械产业专利导航,¥30.00 万元,详见采购需求附件,,何老师,0816-2308726,游仙高新技术产业园区管理委员会,四川省绵阳市游仙经济开发区凯越路1号,4,项目为专利导航服务采购，非设备或工程采购，与施耐德电气核心业务直接关联度低。,四川省绵阳市,服务,小额(<100万),无,无明确直接机会。可关注后续园区内企业可能的设备或基建需求。,可关注该园区后续产业落地可能带来的基建或设备采购机会。
清河县人民医院清河县人民医院国家药物和医疗器械临床试验机构服务项目二次公开招标公告,2026.04.10,http://www.ccgp.gov.cn/cggg/dfgg/gkzb/202604/t20260410_26387473.htm,2026CK-012,清河县人民医院国家药物和医疗器械临床试验机构服务项目,¥78.00 万元,国家药物和医疗器械临床试验机构服务，具体内容详见招标文件第四部分采购需求,2026年05月07日 09点00分（北京时间）,陈利、贾凯,0319-2686159。6.招标文件等资料发布后 / 即视为已送达所有潜在投标人。潜在投标人从“清河县公共资源交易网 / ”网站上自主下载招标文件等相关资料 / 并及时查看有无澄清或修改。如对招标文件有疑问或异议的 / 请向项目单位或招标代理机构提出。潜在投标人未从“ / 中国河北政府采购网 / ”“清河县公共资源交易网 / ”网站上下载相关资料 / 或未获取完整资料 / 导致投标被否决的 / 自行承担责任。招标文件的澄清 / 修改 / 补充等内容均以公告形式明确的内容为准。当招标文件 / 招标文件的澄清 / 修改 / 补充等在同一内容的表述上不一致时 / 以最后发出的公告文件为准。,清河县人民医院,清河县长江西街37号,4,项目为临床试验机构服务，非设备采购，与施耐德核心业务直接关联度低。,河北省邢台市清河县,服务,中等(100-500万),无,临床试验机构可能涉及实验室或数据中心的配电、楼宇控制需求。,了解机构建设细节，关注其配套实验室或数据中心的电气需求。
【平公资采2026230号】郏县妇幼保健院2026年第一季度医疗器械采购项目（包1）-中标公告,2026.04.10,http://www.ccgp.gov.cn/cggg/dfgg/zbgg/202604/t20260410_26387285.htm,郏采,郏县妇幼保健院2026年第一季度医疗器械采购项目,,,,王先生,0375-5152805监督单位：郏县卫生健康委员会 / 统一社会信用代码：114104250054922277 / 联系方式：0375-7068010,郏县妇幼保健院,郏县行政路,4,项目为医疗器械采购，但未明确涉及电气或基础设施，机会不明确。,河南省平顶山市郏县,设备采购,未知,医疗器械（具体未列明）,无明确切入点,联系采购人了解具体设备清单，评估是否有配套电气需求。
【平公资采2026230号】郏县妇幼保健院2026年第一季度医疗器械采购项目（包2）-中标公告,2026.04.10,http://www.ccgp.gov.cn/cggg/dfgg/zbgg/202604/t20260410_26387267.htm,郏采,郏县妇幼保健院2026年第一季度医疗器械采购项目,,,,王先生,0375-5152805监督单位：郏县卫生健康委员会 / 统一社会信用代码：114104250054922277 / 联系方式：0375-7068010,郏县妇幼保健院,郏县行政路,4,公告为医疗器械采购，但未明确具体设备类型，可能与施耐德电气产品直接相关度不高。,河南省平顶山市郏县,设备采购,未知,医疗器械（具体类型未知）,若采购大型医疗影像、检验或手术设备，可配套提供相关配电或电源解决方案。,联系采购人，了解具体采购设备清单，评估是否有配套电气需求。
三都水族自治县人民医院关于三都水族自治县人民医院（医共体）总院一批医用耗材、医疗器械采购项目C包二次的公开招标公告,2026.04.10,http://www.ccgp.gov.cn/cggg/dfgg/gkzb/202604/t20260410_26385283.htm,GZWS-2025-6055-01,三都水族自治县人民医院（医共体）总院一批医用耗材、医疗器械采购项目C包二次,¥776.76 万元,标项名称: 三都水族自治县人民医院（医共体）总院一批医用耗材、医疗器械采购项目C包二次 数量: 不限 预算金额（元）: 7767615.75 简要规格描述或项目基本概况介绍、用途： 三都水族自治县人民医院（医共体）总院一批医用耗材、医疗器械采购C包二次，具体详见《采购文件》。 备注： 合同履约期限： 标项 1，1年。 本项目（ 否 ）接受联合体投标。,2026年04月30日 09:30,彭燕燕、唐昊、杨奇爽,15608540885,三都水族自治县人民医院,三都县三合街道,4,项目为医用耗材和医疗器械采购，未明确涉及施耐德电气的核心业务领域。,贵州省黔南布依族苗族自治州三都水族自治县,耗材采购,大额(>500万),无,无,可关注采购文件细节，确认是否有配套电气或楼宇控制需求。
山东省妇幼保健院2026年医疗器械、手术敷料、医用织物代洗涤、消毒、灭菌及供应服务项目(3)公开招标公告,2026.04.11,http://www.ccgp.gov.cn/cggg/dfgg/gkzb/202604/t20260411_26391301.htm,,山东省妇幼保健院2026年医疗器械、手术敷料、医用织物代洗涤、消毒、灭菌及供应服务项目(3),¥500.00 万元,,2026年05月07日09时00分,杨学安、洪坤、贾振、侯同旦、孙涛、徐艳,13386406562,山东省妇幼保健院,济南市浆水泉路9-7号(山东省妇幼保健院),4,项目为医用织物洗涤消毒服务，不涉及电气设备或系统采购。,山东省济南市,服务,中等(100-500万),无,无明确直接机会,可关注医院未来基建或设备采购项目，建立联系。
吴忠市人民医院2025年第二批医疗器械设备更新补充采购项目四标段（四次）中标公告,2026.04.10,http://www.ccgp.gov.cn/cggg/dfgg/zbgg/202604/t20260410_26388252.htm,NXWF-2025-104,吴忠市人民医院2025年第二批医疗器械设备更新补充采购项目四标段（四次）,,,,张信业,9532120233,吴忠市人民医院,吴忠市利通区新民路 143 号,4,公告为医疗器械设备采购，但未明确具体设备类型，与施耐德电气核心业务关联度不明确。,宁夏回族自治区吴忠市,设备采购,未知,无,若采购大型医疗影像或实验室设备，可能涉及配套的配电、UPS或楼宇控制系统。,联系项目联系人，核实具体采购设备清单，寻找电气配套机会。
游仙高新技术产业园区管理委员会聚合物新材料、放射治疗医疗器械产业专利导航竞争性磋商公告,2026.04.10,http://www.ccgp.gov.cn/cggg/dfgg/jzxcs/202604/t20260410_26387714.htm,N5107042026000024,聚合物新材料、放射治疗医疗器械产业专利导航,¥30.00 万元,详见采购需求附件,,何老师,0816-2308726,游仙高新技术产业园区管理委员会,四川省绵阳市游仙经济开发区凯越路1号,4,项目为产业专利导航服务采购，非设备或基建，与施耐德电气核心业务直接关联度低。,四川省绵阳市,服务,小额(<100万),无,无直接机会。可关注园区后续产业落地可能带来的基建或设备需求。,无需直接跟进。可记录园区信息，关注其未来产业项目动态。
清河县人民医院清河县人民医院国家药物和医疗器械临床试验机构服务项目二次公开招标公告,2026.04.10,http://www.ccgp.gov.cn/cggg/dfgg/gkzb/202604/t20260410_26387473.htm,2026CK-012,清河县人民医院国家药物和医疗器械临床试验机构服务项目,¥78.00 万元,国家药物和医疗器械临床试验机构服务，具体内容详见招标文件第四部分采购需求,2026年05月07日 09点00分（北京时间）,陈利、贾凯,0319-2686159。6.招标文件等资料发布后 / 即视为已送达所有潜在投标人。潜在投标人从“清河县公共资源交易网 / ”网站上自主下载招标文件等相关资料 / 并及时查看有无澄清或修改。如对招标文件有疑问或异议的 / 请向项目单位或招标代理机构提出。潜在投标人未从“ / 中国河北政府采购网 / ”“清河县公共资源交易网 / ”网站上下载相关资料 / 或未获取完整资料 / 导致投标被否决的 / 自行承担责任。招标文件的澄清 / 修改 / 补充等内容均以公告形式明确的内容为准。当招标文件 / 招标文件的澄清 / 修改 / 补充等在同一内容的表述上不一致时 / 以最后发出的公告文件为准。,清河县人民医院,清河县长江西街37号,4,项目为临床试验机构服务，非设备采购，与施耐德核心业务直接关联度低。,河北省邢台市清河县,服务,中等(100-500万),无,临床试验机构建设可能涉及实验室环境控制或电力保障，但机会不明确。,可尝试联系采购人，了解服务项目中是否包含相关设施建设或改造需求。
【平公资采2026230号】郏县妇幼保健院2026年第一季度医疗器械采购项目（包1）-中标公告,2026.04.10,http://www.ccgp.gov.cn/cggg/dfgg/zbgg/202604/t20260410_26387285.htm,郏采,郏县妇幼保健院2026年第一季度医疗器械采购项目,,,,王先生,0375-5152805监督单位：郏县卫生健康委员会 / 统一社会信用代码：114104250054922277 / 联系方式：0375-7068010,郏县妇幼保健院,郏县行政路,4,项目为医疗器械采购，但未明确具体设备类型，可能与施耐德产品直接相关度不高。,河南省平顶山市郏县,设备采购,未知,无,若采购大型医疗设备或涉及医院设施改造，可提供配套的配电、楼宇控制或关键电源解决方案。,联系采购人，了解具体采购设备清单，评估是否有电气配套需求。
【平公资采2026230号】郏县妇幼保健院2026年第一季度医疗器械采购项目（包2）-中标公告,2026.04.10,http://www.ccgp.gov.cn/cggg/dfgg/zbgg/202604/t20260410_26387267.htm,郏采,郏县妇幼保健院2026年第一季度医疗器械采购项目,,,,王先生,0375-5152805监督单位：郏县卫生健康委员会 / 统一社会信用代码：114104250054922277 / 联系方式：0375-7068010,郏县妇幼保健院,郏县行政路,4,公告为医疗器械采购，但未明确具体设备类型，可能与施耐德产品直接关联度不高。,河南省平顶山市郏县,设备采购,未知,无,若采购大型医疗设备或涉及医院设施改造，可提供配套的配电、楼宇控制或UPS解决方案。,联系项目联系人，了解采购设备详情，判断是否有电气配套需求。
三都水族自治县人民医院关于三都水族自治县人民医院（医共体）总院一批医用耗材、医疗器械采购项目C包二次的公开招标公告,2026.04.10,http://www.ccgp.gov.cn/cggg/dfgg/gkzb/202604/t20260410_26385283.htm,GZWS-2025-6055-01,三都水族自治县人民医院（医共体）总院一批医用耗材、医疗器械采购项目C包二次,¥776.76 万元,标项名称: 三都水族自治县人民医院（医共体）总院一批医用耗材、医疗器械采购项目C包二次 数量: 不限 预算金额（元）: 7767615.75 简要规格描述或项目基本概况介绍、用途： 三都水族自治县人民医院（医共体）总院一批医用耗材、医疗器械采购C包二次，具体详见《采购文件》。 备注： 合同履约期限： 标项 1，1年。 本项目（ 否 ）接受联合体投标。,2026年04月30日 09:30,彭燕燕、唐昊、杨奇爽,15608540885,三都水族自治县人民医院,三都县三合街道,4,项目为医用耗材和医疗器械采购，未明确提及电气或自动化设备，机会不明确。,贵州省黔南布依族苗族自治州三都水族自治县,耗材采购,大额(>500万),无,无,可联系采购人，了解是否有配套的配电或楼宇控制需求。
药品、医疗器械、化妆品市级监督抽验经费项目（二次）废标公告,2026.04.15,http://www.ccgp.gov.cn/cggg/dfgg/fblbgg/202604/t20260415_26409976.htm,11000026210200163815-XM001,药品、医疗器械、化妆品市级监督抽验经费项目,,,,魏新卓,17600173064,北京市药品监督管理局机关,北京市通州区留庄路6号院2号楼,3,项目为政府监督抽验经费，非设备采购或基建项目，与施耐德业务无直接关联。,北京市,服务,未知,无,无直接机会。,无需跟进，关注其他设备采购或基建类项目。
黑龙江省工业和信息化厅2026年黑龙江省支持新药和高端医疗器械研发创新5项奖励政策评审竞争性磋商公告,2026.04.13,http://www.ccgp.gov.cn/cggg/dfgg/jzxcs/202604/t20260413_26396460.htm,[230001]hljsqy[CS]20260002,2026年黑龙江省支持新药和高端医疗器械研发创新5项奖励政策评审,¥27.00 万元,"合同包1(2026年黑龙江省支持新药和高端医疗器械研发创新5项奖励政策评审): 合同包预算金额： 270,000.00元 合同包最高限价： 270,000.00元 品目号 品目名称 采购标的 数量（单位） 技术规格、参数及要求 品目预算(元)",,黑龙江省启越项目咨询集团有限公司,0451-84839700,黑龙江省工业和信息化厅,香坊区和平路68号,3,项目为政策评审服务采购，不涉及任何设备、系统或工程建设，与施耐德业务无关。,黑龙江省,服务,小额(<100万),无,无,无需跟进，与公司业务无直接关联。
浙江木石建设项目管理咨询有限公司关于企业特种设备安全保障及“三小”经营使用药品（含医疗器械、化妆品）安全问题专项治理工作社会化服务的更正公告,2026.04.11,http://www.ccgp.gov.cn/cggg/dfgg/gzgg/202604/t20260411_26392842.htm,330110265190120000021--MS2026005,企业特种设备安全保障及“三小”经营使用药品（含医疗器械、化妆品）安全问题专项治理工作社会化服务,,,,陈清清,0571-89516936,杭州市余杭区瓶窑镇人民政府,杭州市余杭区前程路28号,3,项目为药品安全治理的社会化服务，不涉及设备采购或电气系统，与施耐德业务无直接关联。,浙江省杭州市,服务,未知,无,无,无需跟进，业务完全不匹配。
天津市中医药研究院附属医院 天津市中医药研究院附属医院复用医疗器械清洗、消毒、灭菌服务项目 (项目编号:TGPC-2026-D-0188)中标公告,2026.04.10,http://www.ccgp.gov.cn/cggg/dfgg/zbgg/202604/t20260410_26390405.htm,TGPC-2026-D-0188,天津市中医药研究院附属医院复用医疗器械清洗、消毒、灭菌服务项目,,,,李娟,022-24538225,天津市中医药研究院附属医院,天津市红桥区北马路354号,3,项目为医疗器械清洗消毒灭菌服务外包，不涉及设备采购或电气系统。,天津市,服务,未知,无,无直接机会。可关注医院未来相关设备采购或基建项目。,记录信息，关注该医院后续可能涉及电气或设备的采购项目。
西安市第一医院医疗器械计量器具计量检定服务竞争性磋商公告,2026.04.10,http://www.ccgp.gov.cn/cggg/dfgg/jzxcs/202604/t20260410_26386714.htm,【KRDL】K5-2603026,医疗器械计量器具计量检定服务,¥50.00 万元,详见采购需求附件,,姚瑶、王森、张怡凡、王昭、刘昆、张晨、代光艳、靳祥德、成荔、彭明杨、王莉,029-96702,西安市第一医院,通过陕西省政府采购网（www.ccgp-shaanxi.gov.cn）首页供应商用户登录，供应商应当按照以下要求进行系统操作。,3,项目为计量检定服务，不涉及设备采购或电气系统，与施耐德核心业务无关。,陕西省西安市,服务,中等(100-500万),无,无直接机会。,无需跟进，建议关注其他设备采购或基建项目。
三都水族自治县人民医院关于三都水族自治县人民医院（医共体）总院一批医用耗材、医疗器械采购项目A包、D包、G包三次的公开招标公告,2026.04.10,http://www.ccgp.gov.cn/cggg/dfgg/gkzb/202604/t20260410_26385666.htm,GZWS-2025-6055-3,三都水族自治县人民医院（医共体）总院一批医用耗材、医疗器械采购项目A包、D包、G包三次,¥50.62 万元,标项一 标项名称: 三都水族自治县人民医院（医共体）总院一批医用耗材、医疗器械采购项目A包三次 数量: 不限 预算金额（元）: 267664.6 简要规格描述或项目基本概况介绍、用途： 三都水族自治县人民医院（医共体）总院一批医用耗材、医疗器械采购项目A包、D包、G包三次，具体详见《采购文件》。 备注： 标项二 标项名称: 三都水族自治县人民医院（医共体）总院一批医用耗材、医疗器械采购项目D包三次 数量: 不限 预算金额（元）: 23599.6 简要规格描述或项目基本概况介绍、用途： 三都水族自治县人民医院（医共体）总院一批医用耗材、医疗器械采购项目A包、D包、G包三次，具体详见《采购文件》。 备注： 标项三 标项名称: 三都水族自治县人民医院（医共体）总院一批医用耗材、医疗器械采购项目G包三次 数量: 不限 预算金额（元）: 214952.03 简要规格描述或项目基本概况介绍、用途： 三都水族自治县人民医院（医共体）总院一批医用耗材、医疗器械采购项目A包、D包、G包三次，具体详见《采购文件》。 备注： 合同履约期限： 标项 1、2、3，1年。 本项目（ 否 ）接受联合体投标。,2026年04月30日 09:30,彭燕燕、唐昊、杨奇爽,15608540885,三都水族自治县人民医院,三都县三合街道,3,项目为通用医用耗材和医疗器械采购，未明确提及电气设备或系统，与施耐德核心业务直接关联度低。,贵州省黔南布依族苗族自治州三都水族自治县,耗材采购,小额(<100万),无,无明确切入环节。,可关注后续是否有相关基建或设备升级项目。
聊城市第三人民医院药物与医疗器械临床试验机构备案服务项目采购更正公告（第一次）,2026.04.10,http://www.ccgp.gov.cn/cggg/dfgg/gzgg/202604/t20260410_26384429.htm,SDGP371500000202602000069,聊城市第三人民医院药物与医疗器械临床试验机构备案服务项目,,,,杨言言、耿燕文,16606356172 / 16606356223,聊城市第三人民医院,卫育路62号,3,项目为临床试验机构备案咨询服务，不涉及设备采购或电气系统建设。,山东省聊城市,服务,未知,无,暂无直接机会，可关注后续机构建设中的电气需求。,保持信息关注，暂无需直接跟进。
吉林省中旗项目管理有限公司关于长春中医药大学附属第四临床医院（长春市人民医院）消毒供应商复用医疗器械及辅料等消毒灭菌全流程外包项目的竞争性磋商公告,2026.04.09,http://www.ccgp.gov.cn/cggg/dfgg/jzxcs/202604/t20260409_26383151.htm,JM-2026-03-01341-CGXM2026220199001407,长春中医药大学附属第四临床医院（长春市人民医院）消毒供应商复用医疗器械及辅料等消毒灭菌全流程外包项目,¥55.00 万元,标项名称： 长春中医药大学附属第四临床医院（长春市人民医院）消毒供应商复用医疗器械及辅料等消毒灭菌全流程外包 数量： 预算金额（元）： 550000 单位： 简要规格描述： 具体内容详见磋商文件。 备注： 合同履约期限： 标项 1，自合同签订之日起一年。 本项目（ 否 ）接受联合体投标。,,孟野,13944899171,长春中医药大学附属第四临床医院（长春市人民医院）,长春市宽城区南京大街728号,3,项目为消毒灭菌服务外包，不涉及设备采购或电气系统，与施耐德业务直接相关度低。,吉林省长春市,服务,小额(<100万),无,无直接机会。可关注医院未来可能的设施升级或能源管理需求。,无需直接跟进。可记录信息，关注该医院后续基建或改造项目。
天津市中医药研究院附属医院 天津市中医药研究院附属医院复用医疗器械清洗、消毒、灭菌服务项目 (项目编号:TGPC-2026-D-0188)中标公告,2026.04.10,http://www.ccgp.gov.cn/cggg/dfgg/zbgg/202604/t20260410_26390405.htm,TGPC-2026-D-0188,天津市中医药研究院附属医院复用医疗器械清洗、消毒、灭菌服务项目,,,,李娟,022-24538225,天津市中医药研究院附属医院,天津市红桥区北马路354号,3,项目为医疗器械清洗消毒灭菌服务外包，不涉及设备采购或电气系统。,天津市,服务,未知,无,无直接机会。可关注医院未来可能的设备更新或基建项目。,记录信息，关注该医院后续可能涉及电气或设备的采购项目。
西安市第一医院医疗器械计量器具计量检定服务竞争性磋商公告,2026.04.10,http://www.ccgp.gov.cn/cggg/dfgg/jzxcs/202604/t20260410_26386714.htm,【KRDL】K5-2603026,医疗器械计量器具计量检定服务,¥50.00 万元,详见采购需求附件,,姚瑶、王森、张怡凡、王昭、刘昆、张晨、代光艳、靳祥德、成荔、彭明杨、王莉,029-96702,西安市第一医院,通过陕西省政府采购网（www.ccgp-shaanxi.gov.cn）首页供应商用户登录，供应商应当按照以下要求进行系统操作。,3,项目为计量检定服务，不涉及设备采购或电气系统，与施耐德核心业务无关。,陕西省西安市,服务,中等(100-500万),无,无直接机会。,无需跟进，关注其他设备采购或基建项目。
聊城市第三人民医院药物与医疗器械临床试验机构备案服务项目采购更正公告（第一次）,2026.04.10,http://www.ccgp.gov.cn/cggg/dfgg/gzgg/202604/t20260410_26384429.htm,SDGP371500000202602000069,聊城市第三人民医院药物与医疗器械临床试验机构备案服务项目,,,,杨言言、耿燕文,16606356172 / 16606356223,聊城市第三人民医院,卫育路62号,3,项目为临床试验机构备案咨询服务，不涉及设备采购或电气系统建设。,山东省聊城市,服务,未知,无,暂无直接机会，可关注后续机构建设可能涉及的配电需求。,暂无需直接跟进，可记录信息并关注该医院后续基建项目。
浙江木石建设项目管理咨询有限公司关于企业特种设备安全保障及“三小”经营使用药品（含医疗器械、化妆品）安全问题专项治理工作社会化服务的公开招标公告,2026.04.09,http://www.ccgp.gov.cn/cggg/dfgg/gkzb/202604/t20260409_26379086.htm,330110265190120000021--MS2026005,企业特种设备安全保障及“三小”经营使用药品（含医疗器械、化妆品）安全问题专项治理工作社会化服务,¥70.00 万元,标项名称： 企业特种设备安全保障及“三小”经营使用药品（含医疗器械、化妆品）安全问题专项治理工作社会化服务 数量： 不限 预算金额（元）： 700000 简要规格描述或项目基本概况介绍、用途： 企业特种设备安全保障及“三小”经营使用药品(含医疗器械、化妆品)安全问题专项治理工作社会化服务主要内容：企业特种设备安全保障及“三小”经营使用药品(含医疗器械、化妆品)安全问题专项治理工作社会化服务。具体以招标文件第三部分采购需求为准，供应商可点击本公告下方“浏览采购文件”查看采购需求。 备注： 合同履约期限： 标项 1，一年 本项目（ 是 ）接受联合体投标。,2026年04月28日 09:30,陈清清,0571-89516936,杭州市余杭区瓶窑镇人民政府,杭州市余杭区前程路28号,3,项目为政府监管服务采购，涉及药品、医疗器械安全治理，但无明确设备采购或电气需求。,浙江省杭州市,服务,小额(<100万),无,无明确切入环节。,无需跟进，项目性质与公司业务无关。
山东省妇幼保健院2026年医疗器械、手术敷料、医用织物代洗涤、消毒、灭菌及供应服务项目(3)公开招标公告,2026.04.11,http://www.ccgp.gov.cn/cggg/dfgg/gkzb/202604/t20260411_26391301.htm,,山东省妇幼保健院2026年医疗器械、手术敷料、医用织物代洗涤、消毒、灭菌及供应服务项目(3),¥500.00 万元,,2026年05月07日09时00分,杨学安、洪坤、贾振、侯同旦、孙涛、徐艳,13386406562,山东省妇幼保健院,济南市浆水泉路9-7号(山东省妇幼保健院),3,项目为医用织物洗涤、消毒、灭菌及供应服务，不涉及电气设备或系统采购。,山东省济南市,服务,中等(100-500万),无,无,无需跟进，业务范围不匹配。
天津市中医药研究院附属医院 天津市中医药研究院附属医院复用医疗器械清洗、消毒、灭菌服务项目 (项目编号:TGPC-2026-D-0188)中标公告,2026.04.10,http://www.ccgp.gov.cn/cggg/dfgg/zbgg/202604/t20260410_26390405.htm,TGPC-2026-D-0188,天津市中医药研究院附属医院复用医疗器械清洗、消毒、灭菌服务项目,,,,李娟,022-24538225,天津市中医药研究院附属医院,天津市红桥区北马路354号,3,项目为医疗器械清洗消毒灭菌外包服务，不涉及设备采购或电气系统。,天津市,服务,未知,无,无直接机会。,无需跟进，关注医院其他基建或设备采购项目。
西安市第一医院医疗器械计量器具计量检定服务竞争性磋商公告,2026.04.10,http://www.ccgp.gov.cn/cggg/dfgg/jzxcs/202604/t20260410_26386714.htm,【KRDL】K5-2603026,医疗器械计量器具计量检定服务,¥50.00 万元,详见采购需求附件,,姚瑶、王森、张怡凡、王昭、刘昆、张晨、代光艳、靳祥德、成荔、彭明杨、王莉,029-96702,西安市第一医院,通过陕西省政府采购网（www.ccgp-shaanxi.gov.cn）首页供应商用户登录，供应商应当按照以下要求进行系统操作。,3,项目为计量检定服务，不涉及设备采购或电气系统，与施耐德核心业务无关。,陕西省西安市,服务,中等(100-500万),无,无直接机会。,无需跟进，建议关注其他设备采购或基建项目。
三都水族自治县人民医院关于三都水族自治县人民医院（医共体）总院一批医用耗材、医疗器械采购项目A包、D包、G包三次的公开招标公告,2026.04.10,http://www.ccgp.gov.cn/cggg/dfgg/gkzb/202604/t20260410_26385666.htm,GZWS-2025-6055-3,三都水族自治县人民医院（医共体）总院一批医用耗材、医疗器械采购项目A包、D包、G包三次,¥50.62 万元,标项一 标项名称: 三都水族自治县人民医院（医共体）总院一批医用耗材、医疗器械采购项目A包三次 数量: 不限 预算金额（元）: 267664.6 简要规格描述或项目基本概况介绍、用途： 三都水族自治县人民医院（医共体）总院一批医用耗材、医疗器械采购项目A包、D包、G包三次，具体详见《采购文件》。 备注： 标项二 标项名称: 三都水族自治县人民医院（医共体）总院一批医用耗材、医疗器械采购项目D包三次 数量: 不限 预算金额（元）: 23599.6 简要规格描述或项目基本概况介绍、用途： 三都水族自治县人民医院（医共体）总院一批医用耗材、医疗器械采购项目A包、D包、G包三次，具体详见《采购文件》。 备注： 标项三 标项名称: 三都水族自治县人民医院（医共体）总院一批医用耗材、医疗器械采购项目G包三次 数量: 不限 预算金额（元）: 214952.03 简要规格描述或项目基本概况介绍、用途： 三都水族自治县人民医院（医共体）总院一批医用耗材、医疗器械采购项目A包、D包、G包三次，具体详见《采购文件》。 备注： 合同履约期限： 标项 1、2、3，1年。 本项目（ 否 ）接受联合体投标。,2026年04月30日 09:30,彭燕燕、唐昊、杨奇爽,15608540885,三都水族自治县人民医院,三都县三合街道,3,项目为通用医用耗材和医疗器械采购，未提及电气、配电或大型设备，与施耐德核心业务关联度低。,贵州省黔南布依族苗族自治州三都水族自治县,耗材采购,小额(<100万),无,无明确切入点,无需跟进，业务不相关。
聊城市第三人民医院药物与医疗器械临床试验机构备案服务项目采购更正公告（第一次）,2026.04.10,http://www.ccgp.gov.cn/cggg/dfgg/gzgg/202604/t20260410_26384429.htm,SDGP371500000202602000069,聊城市第三人民医院药物与医疗器械临床试验机构备案服务项目,,,,杨言言、耿燕文,16606356172 / 16606356223,聊城市第三人民医院,卫育路62号,3,项目为临床试验机构备案咨询服务，不涉及设备采购或工程建设，与施耐德业务无直接关联。,山东省聊城市,服务,未知,无,无直接机会。,无需跟进，可关注该医院后续基建或设备采购项目。
吉林省中旗项目管理有限公司关于长春中医药大学附属第四临床医院（长春市人民医院）消毒供应商复用医疗器械及辅料等消毒灭菌全流程外包项目的竞争性磋商公告,2026.04.09,http://www.ccgp.gov.cn/cggg/dfgg/jzxcs/202604/t20260409_26383151.htm,JM-2026-03-01341-CGXM2026220199001407,长春中医药大学附属第四临床医院（长春市人民医院）消毒供应商复用医疗器械及辅料等消毒灭菌全流程外包项目,¥55.00 万元,标项名称： 长春中医药大学附属第四临床医院（长春市人民医院）消毒供应商复用医疗器械及辅料等消毒灭菌全流程外包 数量： 预算金额（元）： 550000 单位： 简要规格描述： 具体内容详见磋商文件。 备注： 合同履约期限： 标项 1，自合同签订之日起一年。 本项目（ 否 ）接受联合体投标。,,孟野,13944899171,长春中医药大学附属第四临床医院（长春市人民医院）,长春市宽城区南京大街728号,3,项目为消毒灭菌服务外包，不涉及设备采购或电气系统，与施耐德业务不相关。,吉林省长春市,服务,小额(<100万),无,无,无需跟进，业务完全不匹配。
天津市中医药研究院附属医院 天津市中医药研究院附属医院复用医疗器械清洗、消毒、灭菌服务项目 (项目编号:TGPC-2026-D-0188)中标公告,2026.04.10,http://www.ccgp.gov.cn/cggg/dfgg/zbgg/202604/t20260410_26390405.htm,TGPC-2026-D-0188,天津市中医药研究院附属医院复用医疗器械清洗、消毒、灭菌服务项目,,,,李娟,022-24538225,天津市中医药研究院附属医院,天津市红桥区北马路354号,3,项目为医疗器械清洗消毒灭菌外包服务，不涉及设备采购或电气系统。,天津市,服务,未知,无,无直接机会。,无需跟进，与公司业务无关。
西安市第一医院医疗器械计量器具计量检定服务竞争性磋商公告,2026.04.10,http://www.ccgp.gov.cn/cggg/dfgg/jzxcs/202604/t20260410_26386714.htm,【KRDL】K5-2603026,医疗器械计量器具计量检定服务,¥50.00 万元,详见采购需求附件,,姚瑶、王森、张怡凡、王昭、刘昆、张晨、代光艳、靳祥德、成荔、彭明杨、王莉,029-96702,西安市第一医院,通过陕西省政府采购网（www.ccgp-shaanxi.gov.cn）首页供应商用户登录，供应商应当按照以下要求进行系统操作。,3,项目为计量检定服务，不涉及设备采购或电气系统，与施耐德核心业务无关。,陕西省西安市,服务,中等(100-500万),无,无,无需跟进，非核心业务领域。
三都水族自治县人民医院关于三都水族自治县人民医院（医共体）总院一批医用耗材、医疗器械采购项目A包、D包、G包三次的公开招标公告,2026.04.10,http://www.ccgp.gov.cn/cggg/dfgg/gkzb/202604/t20260410_26385666.htm,GZWS-2025-6055-3,三都水族自治县人民医院（医共体）总院一批医用耗材、医疗器械采购项目A包、D包、G包三次,¥50.62 万元,标项一 标项名称: 三都水族自治县人民医院（医共体）总院一批医用耗材、医疗器械采购项目A包三次 数量: 不限 预算金额（元）: 267664.6 简要规格描述或项目基本概况介绍、用途： 三都水族自治县人民医院（医共体）总院一批医用耗材、医疗器械采购项目A包、D包、G包三次，具体详见《采购文件》。 备注： 标项二 标项名称: 三都水族自治县人民医院（医共体）总院一批医用耗材、医疗器械采购项目D包三次 数量: 不限 预算金额（元）: 23599.6 简要规格描述或项目基本概况介绍、用途： 三都水族自治县人民医院（医共体）总院一批医用耗材、医疗器械采购项目A包、D包、G包三次，具体详见《采购文件》。 备注： 标项三 标项名称: 三都水族自治县人民医院（医共体）总院一批医用耗材、医疗器械采购项目G包三次 数量: 不限 预算金额（元）: 214952.03 简要规格描述或项目基本概况介绍、用途： 三都水族自治县人民医院（医共体）总院一批医用耗材、医疗器械采购项目A包、D包、G包三次，具体详见《采购文件》。 备注： 合同履约期限： 标项 1、2、3，1年。 本项目（ 否 ）接受联合体投标。,2026年04月30日 09:30,彭燕燕、唐昊、杨奇爽,15608540885,三都水族自治县人民医院,三都县三合街道,3,项目为通用医用耗材和医疗器械采购，未明确涉及电气、配电或大型设备，与施耐德核心业务直接关联度低。,贵州省黔南布依族苗族自治州三都水族自治县,耗材采购,小额(<100万),无,无明确切入环节。,无需跟进。
聊城市第三人民医院药物与医疗器械临床试验机构备案服务项目采购更正公告（第一次）,2026.04.10,http://www.ccgp.gov.cn/cggg/dfgg/gzgg/202604/t20260410_26384429.htm,SDGP371500000202602000069,聊城市第三人民医院药物与医疗器械临床试验机构备案服务项目,,,,杨言言、耿燕文,16606356172 / 16606356223,聊城市第三人民医院,卫育路62号,3,项目为临床试验机构备案咨询服务，不涉及设备采购或工程建设，与施耐德业务直接相关度低。,山东省聊城市,服务,未知,无,暂无直接切入环节。,可关注该医院后续基建或设备采购项目，建立联系。
浙江木石建设项目管理咨询有限公司关于企业特种设备安全保障及“三小”经营使用药品（含医疗器械、化妆品）安全问题专项治理工作社会化服务的公开招标公告,2026.04.09,http://www.ccgp.gov.cn/cggg/dfgg/gkzb/202604/t20260409_26379086.htm,330110265190120000021--MS2026005,企业特种设备安全保障及“三小”经营使用药品（含医疗器械、化妆品）安全问题专项治理工作社会化服务,¥70.00 万元,标项名称： 企业特种设备安全保障及“三小”经营使用药品（含医疗器械、化妆品）安全问题专项治理工作社会化服务 数量： 不限 预算金额（元）： 700000 简要规格描述或项目基本概况介绍、用途： 企业特种设备安全保障及“三小”经营使用药品(含医疗器械、化妆品)安全问题专项治理工作社会化服务主要内容：企业特种设备安全保障及“三小”经营使用药品(含医疗器械、化妆品)安全问题专项治理工作社会化服务。具体以招标文件第三部分采购需求为准，供应商可点击本公告下方“浏览采购文件”查看采购需求。 备注： 合同履约期限： 标项 1，一年 本项目（ 是 ）接受联合体投标。,2026年04月28日 09:30,陈清清,0571-89516936,杭州市余杭区瓶窑镇人民政府,杭州市余杭区前程路28号,3,项目为政府专项治理服务采购，核心是监管与咨询，不涉及设备采购或系统建设。,浙江省杭州市,服务,小额(<100万),无,无直接切入机会。,无需跟进，项目与公司业务无关。
武汉药品医疗器械检验所化学试剂及检验耗材配送服务中标（成交）结果公告,2026.04.15,http://www.ccgp.gov.cn/cggg/dfgg/zbgg/202604/t20260415_26408105.htm,,化学试剂及检验耗材配送服务,,,,宫永鑫、史欢、盛其昌、胡佳康、马晶晶,027-85492633,武汉药品医疗器械检验所,武汉市高新大道666号,2,项目为普通化学试剂及检验耗材配送服务，不涉及电气设备或系统采购。,湖北省武汉市,服务,未知,无,无,无需跟进，项目与公司业务无关。
浙江木石建设项目管理咨询有限公司关于企业特种设备安全保障及“三小”经营使用药品（含医疗器械、化妆品）安全问题专项治理工作社会化服务的公开招标公告,2026.04.09,http://www.ccgp.gov.cn/cggg/dfgg/gkzb/202604/t20260409_26379086.htm,330110265190120000021--MS2026005,企业特种设备安全保障及“三小”经营使用药品（含医疗器械、化妆品）安全问题专项治理工作社会化服务,¥70.00 万元,标项名称： 企业特种设备安全保障及“三小”经营使用药品（含医疗器械、化妆品）安全问题专项治理工作社会化服务 数量： 不限 预算金额（元）： 700000 简要规格描述或项目基本概况介绍、用途： 企业特种设备安全保障及“三小”经营使用药品(含医疗器械、化妆品)安全问题专项治理工作社会化服务主要内容：企业特种设备安全保障及“三小”经营使用药品(含医疗器械、化妆品)安全问题专项治理工作社会化服务。具体以招标文件第三部分采购需求为准，供应商可点击本公告下方“浏览采购文件”查看采购需求。 备注： 合同履约期限： 标项 1，一年 本项目（ 是 ）接受联合体投标。,2026年04月28日 09:30,陈清清,0571-89516936,杭州市余杭区瓶窑镇人民政府,杭州市余杭区前程路28号,2,项目为政府监管服务采购，涉及药品、医疗器械安全治理，但无具体设备或系统采购需求，与施耐德业务不直接相关。,浙江省杭州市,服务,小额(<100万),无,无明确切入环节。,无需跟进，项目性质为政府监管服务外包。
吉林省中旗项目管理有限公司关于长春中医药大学附属第四临床医院（长春市人民医院）消毒供应商复用医疗器械及辅料等消毒灭菌全流程外包项目的竞争性磋商公告,2026.04.09,http://www.ccgp.gov.cn/cggg/dfgg/jzxcs/202604/t20260409_26383151.htm,JM-2026-03-01341-CGXM2026220199001407,长春中医药大学附属第四临床医院（长春市人民医院）消毒供应商复用医疗器械及辅料等消毒灭菌全流程外包项目,¥55.00 万元,标项名称： 长春中医药大学附属第四临床医院（长春市人民医院）消毒供应商复用医疗器械及辅料等消毒灭菌全流程外包 数量： 预算金额（元）： 550000 单位： 简要规格描述： 具体内容详见磋商文件。 备注： 合同履约期限： 标项 1，自合同签订之日起一年。 本项目（ 否 ）接受联合体投标。,,孟野,13944899171,长春中医药大学附属第四临床医院（长春市人民医院）,长春市宽城区南京大街728号,2,项目为消毒灭菌服务外包，不涉及设备采购或电气系统，与施耐德业务无直接关联。,吉林省长春市,服务,小额(<100万),无,无,无需跟进，业务完全不匹配。
浙江木石建设项目管理咨询有限公司关于企业特种设备安全保障及“三小”经营使用药品（含医疗器械、化妆品）安全问题专项治理工作社会化服务的公开招标公告,2026.04.09,http://www.ccgp.gov.cn/cggg/dfgg/gkzb/202604/t20260409_26379086.htm,330110265190120000021--MS2026005,企业特种设备安全保障及“三小”经营使用药品（含医疗器械、化妆品）安全问题专项治理工作社会化服务,¥70.00 万元,标项名称： 企业特种设备安全保障及“三小”经营使用药品（含医疗器械、化妆品）安全问题专项治理工作社会化服务 数量： 不限 预算金额（元）： 700000 简要规格描述或项目基本概况介绍、用途： 企业特种设备安全保障及“三小”经营使用药品(含医疗器械、化妆品)安全问题专项治理工作社会化服务主要内容：企业特种设备安全保障及“三小”经营使用药品(含医疗器械、化妆品)安全问题专项治理工作社会化服务。具体以招标文件第三部分采购需求为准，供应商可点击本公告下方“浏览采购文件”查看采购需求。 备注： 合同履约期限： 标项 1，一年 本项目（ 是 ）接受联合体投标。,2026年04月28日 09:30,陈清清,0571-89516936,杭州市余杭区瓶窑镇人民政府,杭州市余杭区前程路28号,2,项目为政府监管服务采购，涉及药品医疗器械安全治理，但无具体设备或系统采购需求。,浙江省杭州市,服务,小额(<100万),无,无直接切入机会。,无需跟进，与公司业务无直接关联。
天津市医疗器械质量监督检验中心 2026年餐饮服务 (项目编号:DCZX-ZC-2026-104)公开招标公告,2026.04.15,http://www.ccgp.gov.cn/cggg/dfgg/gkzb/202604/t20260415_26410848.htm,DCZX-ZC-2026-104,2026年餐饮服务,¥160.00 万元,包号 是否设置最高限价 预算（万元）,2026年05月15日  14:00,张琪,13389073002,天津市医疗器械质量监督检验中心,天津市滨海高新区海泰产业园区华科大街5号,1,项目为餐饮服务采购，与施耐德电气的核心业务（电气设备、自动化、能源管理）完全不相关。,天津市,服务,中等(100-500万),无,无,无需跟进，业务完全不匹配。
河南省药品医疗器械检验院（河南省疫苗批签中心）河南省药品医疗器械检验院(河南省疫苗批签中心)熊儿河路79号院机关餐厅服务采购项目-中标公告,2026.04.15,http://www.ccgp.gov.cn/cggg/dfgg/zbgg/202604/t20260415_26409074.htm,豫财,河南省药品医疗器械检验院（河南省疫苗批签中心）河南省药品医疗器械检验院(河南省疫苗批签中心)熊儿河路79号院机关餐厅服务采购项目,,,,程鹏、李雪、郭保瑞、孙登雯、屈冬寒,0371-63336272,河南省药品医疗器械检验院（河南省疫苗批签中心）,郑州市熊儿河路79号,1,项目为机关餐厅服务采购，与施耐德电气的核心业务（电气设备、自动化、能源管理）完全不相关。,河南省郑州市,服务,未知,无,无,无需跟进，业务完全不匹配。
浙江信镧建设工程咨询有限公司关于浙江省医疗器械检验研究院2026年班车租赁项目公开招标公告,2026.04.14,http://www.ccgp.gov.cn/cggg/dfgg/gkzb/202604/t20260414_26401138.htm,330000263320120000032-ZJXL-YLQX-202601,2026年班车租赁项目,¥85.50 万元,标项名称： 2026年班车租赁项目 数量： 1 预算金额（元）： 855000 简要规格描述或项目基本概况介绍、用途： 本项目为浙江省医疗器械检验研究院2026年班车租赁项目，详见招标文件第三部分采购需求。 备注： 每条路线最高限价： （1）东线车辆：820 元/天/条； （2）西线车辆：820 元/天/条； （3）南线车辆：820 元/天/条， （4）钱塘线或海宁线车辆：820 元/天/条； 注：超过以上最高限价为无效投标 合同履约期限： 标项 1，2026年6月-2027年6月。 本项目（ 是 ）接受联合体投标。,2026年05月06日 14:00,郑晓冬、刘泽、赵锋、陶晓闯,0571-87967630,浙江省医疗器械检验研究院,杭州下沙25号大街379号,1,项目为班车租赁服务，与施耐德电气的核心业务（电气设备、自动化、能源管理）完全不相关。,浙江省杭州市,服务,小额(<100万),无,无,无需跟进，业务完全不匹配。
吉林省中旗项目管理有限公司关于长春中医药大学附属第四临床医院（长春市人民医院）消毒供应商复用医疗器械及辅料等消毒灭菌全流程外包项目的竞争性磋商公告,2026.04.09,http://www.ccgp.gov.cn/cggg/dfgg/jzxcs/202604/t20260409_26383151.htm,JM-2026-03-01341-CGXM2026220199001407,长春中医药大学附属第四临床医院（长春市人民医院）消毒供应商复用医疗器械及辅料等消毒灭菌全流程外包项目,¥55.00 万元,标项名称： 长春中医药大学附属第四临床医院（长春市人民医院）消毒供应商复用医疗器械及辅料等消毒灭菌全流程外包 数量： 预算金额（元）： 550000 单位： 简要规格描述： 具体内容详见磋商文件。 备注： 合同履约期限： 标项 1，自合同签订之日起一年。 本项目（ 否 ）接受联合体投标。,,孟野,13944899171,长春中医药大学附属第四临床医院（长春市人民医院）,长春市宽城区南京大街728号,1,项目为消毒灭菌服务外包，不涉及设备采购或电气系统，与施耐德业务无关。,吉林省长春市,服务,小额(<100万),无,无,无需跟进，业务不相关。
